1,MedicalService2,true,14.0,1.430406012781E12,6.0
1,DrugService,true,5.0,1.430406012796E12,6.0
1,AssistanceService,true,19.0

2,AlarmService1,true,4.0,1.430406012824E12,7.0
2,AssistanceService,true,4.0

3,MedicalService1,true,4.0,1.430406012843E12,6.0
3,DrugService,true,5.0,1.430406012849E12,6.0
3,AssistanceService,true,9.0

4,MedicalService3,true,2.15,1.430406012864E12,7.0
4,DrugService,true,5.0,1.430406012872E12,6.0
4,AssistanceService,true,7.15

5,MedicalService3,true,2.15,1.430406012888E12,6.0
5,DrugService,true,5.0,1.430406012903E12,5.0
5,AssistanceService,true,7.15

6,MedicalService2,true,14.0,1.430406012918E12,6.0
6,DrugService,true,5.0,1.430406012924E12,5.0
6,AssistanceService,true,19.0

7,AlarmService1,false
7,AssistanceService,false,0.0

8,MedicalService3,true,2.15,1.430406013957E12,5.0
8,DrugService,true,5.0,1.430406013962E12,4.0
8,AssistanceService,true,7.15

9,AlarmService1,true,4.0,1.430406013972E12,4.0
9,AssistanceService,true,4.0

10,MedicalService1,true,4.0,1.43040601399E12,4.0
10,DrugService,true,5.0,1.430406013994E12,3.0
10,AssistanceService,true,9.0

11,MedicalService3,true,2.15,1.430406014005E12,4.0
11,DrugService,true,5.0,1.430406014009E12,3.0
11,AssistanceService,true,7.15

12,MedicalService1,true,4.0,1.430406014017E12,4.0
12,AlarmService2,true,12.0,1.430406014021E12,4.0
12,AssistanceService,true,16.0

13,MedicalService2,true,14.0,1.43040601403E12,3.0
13,AlarmService2,true,12.0,1.430406014033E12,3.0
13,AssistanceService,true,26.0

14,MedicalService2,false
14,AssistanceService,false,0.0

15,MedicalService2,true,14.0,1.430406015055E12,6.0
15,DrugService,true,5.0,1.430406015061E12,4.0
15,AssistanceService,true,19.0

16,MedicalService3,true,2.15,1.430406015071E12,4.0
16,DrugService,true,5.0,1.430406015075E12,5.0
16,AssistanceService,true,7.15

17,MedicalService1,true,4.0,1.430406015086E12,5.0
17,AlarmService2,true,12.0,1.430406015091E12,4.0
17,AssistanceService,true,16.0

18,MedicalService3,true,2.15,1.430406015102E12,5.0
18,AlarmService2,true,12.0,1.430406015107E12,5.0
18,AssistanceService,true,14.15

19,AlarmService3,true,2.0,1.430406015119E12,3.0
19,AssistanceService,true,2.0

20,MedicalService1,true,4.0,1.430406015128E12,5.0
20,AlarmService1,true,4.0,1.430406015133E12,4.0
20,AssistanceService,true,8.0

21,MedicalService3,true,2.15,1.430406015141E12,5.0
21,DrugService,true,5.0,1.430406015146E12,5.0
21,AssistanceService,true,7.15

22,MedicalService1,true,4.0,1.430406015157E12,4.0
22,DrugService,true,5.0,1.430406015161E12,4.0
22,AssistanceService,true,9.0

23,AlarmService3,true,2.0,1.430406015172E12,4.0
23,AssistanceService,true,2.0

24,MedicalService3,true,2.15,1.430406015183E12,3.0
24,AlarmService1,true,4.0,1.430406015186E12,4.0
24,AssistanceService,true,6.15

25,MedicalService2,true,14.0,1.430406015195E12,4.0
25,AlarmService1,true,4.0,1.430406015199E12,4.0
25,AssistanceService,true,18.0

26,MedicalService3,true,2.15,1.430406015209E12,4.0
26,DrugService,true,5.0,1.430406015213E12,4.0
26,AssistanceService,true,7.15

27,MedicalService3,true,2.15,1.430406015222E12,4.0
27,DrugService,true,5.0,1.430406015226E12,4.0
27,AssistanceService,true,7.15

28,AlarmService1,true,4.0,1.430406015237E12,4.0
28,AssistanceService,true,4.0

29,MedicalService3,true,2.15,1.430406015246E12,4.0
29,DrugService,true,5.0,1.43040601525E12,4.0
29,AssistanceService,true,7.15

30,AlarmService3,true,2.0,1.43040601526E12,4.0
30,AssistanceService,true,2.0

31,MedicalService1,false
31,AssistanceService,false,0.0

32,MedicalService1,true,4.0,1.43040601628E12,4.0
32,DrugService,true,5.0,1.430406016284E12,3.0
32,AssistanceService,true,9.0

33,MedicalService3,true,2.15,1.430406016291E12,4.0
33,DrugService,true,5.0,1.430406016295E12,2.0
33,AssistanceService,true,7.15

34,MedicalService2,true,14.0,1.430406016303E12,3.0
34,AlarmService1,true,4.0,1.430406016306E12,3.0
34,AssistanceService,true,18.0

35,MedicalService3,false
35,AssistanceService,false,0.0

36,MedicalService1,false
36,AssistanceService,false,0.0

37,MedicalService3,false
37,AssistanceService,false,0.0

38,MedicalService2,true,14.0,1.430406019339E12,4.0
38,AlarmService1,true,4.0,1.430406019343E12,4.0
38,AssistanceService,true,18.0

39,MedicalService2,true,14.0,1.430406019351E12,3.0
39,DrugService,true,5.0,1.430406019354E12,2.0
39,AssistanceService,true,19.0

40,MedicalService3,false
40,AssistanceService,false,0.0

41,MedicalService3,true,2.15,1.430406020367E12,4.0
41,DrugService,true,5.0,1.430406020371E12,4.0
41,AssistanceService,true,7.15

42,AlarmService1,true,4.0,1.430406020379E12,3.0
42,AssistanceService,true,4.0

43,MedicalService2,true,14.0,1.430406020385E12,2.0
43,DrugService,true,5.0,1.430406020387E12,3.0
43,AssistanceService,true,19.0

44,MedicalService1,true,4.0,1.430406020394E12,2.0
44,DrugService,true,5.0,1.430406020396E12,3.0
44,AssistanceService,true,9.0

45,MedicalService1,false
45,AssistanceService,false,0.0

46,MedicalService1,true,4.0,1.430406021413E12,4.0
46,DrugService,true,5.0,1.430406021417E12,4.0
46,AssistanceService,true,9.0

47,MedicalService1,true,4.0,1.430406021425E12,4.0
47,DrugService,true,5.0,1.430406021429E12,4.0
47,AssistanceService,true,9.0

48,MedicalService3,true,2.15,1.430406021438E12,4.0
48,DrugService,true,5.0,1.430406021442E12,3.0
48,AssistanceService,true,7.15

49,MedicalService3,false
49,AssistanceService,false,0.0

50,MedicalService3,true,2.15,1.43040602246E12,3.0
50,DrugService,true,5.0,1.430406022463E12,3.0
50,AssistanceService,true,7.15

51,MedicalService1,true,4.0,1.430406022471E12,4.0
51,DrugService,true,5.0,1.430406022475E12,4.0
51,AssistanceService,true,9.0

52,MedicalService1,true,4.0,1.430406022484E12,3.0
52,DrugService,true,5.0,1.430406022487E12,3.0
52,AssistanceService,true,9.0

53,AlarmService1,true,4.0,1.430406022494E12,2.0
53,AssistanceService,true,4.0

54,MedicalService1,false
54,AssistanceService,false,0.0

55,AlarmService2,true,12.0,1.43040602351E12,3.0
55,AssistanceService,true,12.0

56,MedicalService1,true,4.0,1.430406023517E12,3.0
56,AlarmService3,true,2.0,1.43040602352E12,3.0
56,AssistanceService,true,6.0

57,MedicalService1,true,4.0,1.430406023526E12,2.0
57,DrugService,true,5.0,1.430406023528E12,3.0
57,AssistanceService,true,9.0

58,AlarmService2,true,12.0,1.430406023534E12,3.0
58,AssistanceService,true,12.0

59,MedicalService2,true,14.0,1.430406023541E12,2.0
59,DrugService,true,5.0,1.430406023543E12,3.0
59,AssistanceService,true,19.0

60,MedicalService3,true,2.15,1.430406023549E12,2.0
60,DrugService,true,5.0,1.430406023551E12,2.0
60,AssistanceService,true,7.15

61,MedicalService3,true,2.15,1.430406023556E12,2.0
61,AlarmService1,true,4.0,1.430406023559E12,3.0
61,AssistanceService,true,6.15

62,MedicalService2,false
62,AssistanceService,false,0.0

63,MedicalService1,true,4.0,1.430406024575E12,4.0
63,DrugService,true,5.0,1.430406024579E12,2.0
63,AssistanceService,true,9.0

64,MedicalService2,true,14.0,1.430406024585E12,3.0
64,AlarmService3,true,2.0,1.430406024588E12,2.0
64,AssistanceService,true,16.0

65,MedicalService2,true,14.0,1.430406024593E12,3.0
65,AlarmService3,true,2.0,1.430406024596E12,2.0
65,AssistanceService,true,16.0

66,MedicalService2,true,14.0,1.430406024601E12,2.0
66,DrugService,true,5.0,1.430406024603E12,2.0
66,AssistanceService,true,19.0

67,MedicalService3,true,2.15,1.430406024608E12,3.0
67,DrugService,true,5.0,1.430406024611E12,2.0
67,AssistanceService,true,7.15

68,MedicalService3,true,2.15,1.430406024616E12,3.0
68,DrugService,true,5.0,1.430406024619E12,2.0
68,AssistanceService,true,7.15

69,MedicalService2,true,14.0,1.430406024623E12,4.0
69,DrugService,true,5.0,1.430406024627E12,3.0
69,AssistanceService,true,19.0

70,AlarmService2,true,12.0,1.430406024633E12,3.0
70,AssistanceService,true,12.0

71,MedicalService2,false
71,AssistanceService,false,0.0

72,MedicalService3,true,2.15,1.43040602565E12,3.0
72,DrugService,true,5.0,1.430406025653E12,3.0
72,AssistanceService,true,7.15

73,MedicalService2,true,14.0,1.43040602566E12,2.0
73,DrugService,true,5.0,1.430406025662E12,3.0
73,AssistanceService,true,19.0

74,MedicalService3,true,2.15,1.430406025669E12,2.0
74,DrugService,true,5.0,1.430406025671E12,3.0
74,AssistanceService,true,7.15

75,MedicalService2,true,14.0,1.430406025677E12,2.0
75,DrugService,true,5.0,1.430406025679E12,3.0
75,AssistanceService,true,19.0

76,MedicalService2,true,14.0,1.430406025687E12,3.0
76,DrugService,true,5.0,1.43040602569E12,3.0
76,AssistanceService,true,19.0

77,AlarmService2,true,12.0,1.430406025697E12,3.0
77,AssistanceService,true,12.0

78,MedicalService3,false
78,AssistanceService,false,0.0

79,AlarmService1,true,4.0,1.430406026711E12,3.0
79,AssistanceService,true,4.0

80,MedicalService1,true,4.0,1.430406026718E12,2.0
80,AlarmService2,true,12.0,1.43040602672E12,2.0
80,AssistanceService,true,16.0

81,MedicalService1,true,4.0,1.430406026726E12,2.0
81,AlarmService3,true,2.0,1.430406026728E12,2.0
81,AssistanceService,true,6.0

82,AlarmService1,true,4.0,1.430406026734E12,3.0
82,AssistanceService,true,4.0

83,MedicalService3,false
83,AssistanceService,false,0.0

84,AlarmService3,true,2.0,1.430406027752E12,4.0
84,AssistanceService,true,2.0

85,MedicalService1,true,4.0,1.430406027761E12,3.0
85,AlarmService3,true,2.0,1.430406027764E12,3.0
85,AssistanceService,true,6.0

86,AlarmService2,true,12.0,1.430406027771E12,4.0
86,AssistanceService,true,12.0

87,AlarmService2,true,12.0,1.43040602778E12,3.0
87,AssistanceService,true,12.0

88,MedicalService2,true,14.0,1.430406027788E12,2.0
88,DrugService,true,5.0,1.43040602779E12,11.0
88,AssistanceService,true,19.0

89,MedicalService3,true,2.15,1.430406027804E12,3.0
89,DrugService,true,5.0,1.430406027807E12,3.0
89,AssistanceService,true,7.15

90,MedicalService1,true,4.0,1.430406027814E12,2.0
90,DrugService,true,5.0,1.430406027816E12,4.0
90,AssistanceService,true,9.0

91,AlarmService1,true,4.0,1.430406027824E12,3.0
91,AssistanceService,true,4.0

92,MedicalService1,false
92,AssistanceService,false,0.0

93,MedicalService3,true,2.15,1.430406028837E12,3.0
93,DrugService,true,5.0,1.43040602884E12,3.0
93,AssistanceService,true,7.15

94,MedicalService1,true,4.0,1.430406028846E12,2.0
94,DrugService,true,5.0,1.430406028848E12,2.0
94,AssistanceService,true,9.0

95,AlarmService3,false
95,AssistanceService,false,0.0

96,MedicalService3,true,2.15,1.430406029865E12,4.0
96,DrugService,true,5.0,1.430406029869E12,3.0
96,AssistanceService,true,7.15

97,MedicalService1,true,4.0,1.430406029875E12,3.0
97,DrugService,true,5.0,1.430406029878E12,2.0
97,AssistanceService,true,9.0

98,AlarmService2,true,12.0,1.430406029885E12,3.0
98,AssistanceService,true,12.0

99,MedicalService1,true,4.0,1.430406029891E12,2.0
99,DrugService,true,5.0,1.430406029893E12,2.0
99,AssistanceService,true,9.0

100,AlarmService3,true,2.0,1.430406029898E12,3.0
100,AssistanceService,true,2.0

101,MedicalService3,true,2.15,1.430406029904E12,3.0
101,DrugService,true,5.0,1.430406029907E12,2.0
101,AssistanceService,true,7.15

102,MedicalService1,false
102,AssistanceService,false,0.0

103,MedicalService3,true,2.15,1.430406030923E12,3.0
103,AlarmService1,true,4.0,1.430406030926E12,3.0
103,AssistanceService,true,6.15

104,AlarmService1,true,4.0,1.430406030933E12,3.0
104,AssistanceService,true,4.0

105,MedicalService3,true,2.15,1.43040603094E12,2.0
105,DrugService,true,5.0,1.430406030942E12,3.0
105,AssistanceService,true,7.15

106,MedicalService1,true,4.0,1.43040603095E12,3.0
106,DrugService,true,5.0,1.430406030953E12,3.0
106,AssistanceService,true,9.0

107,AlarmService2,true,12.0,1.430406030959E12,3.0
107,AssistanceService,true,12.0

108,MedicalService2,false
108,AssistanceService,false,0.0

109,MedicalService2,true,14.0,1.430406031975E12,3.0
109,DrugService,true,5.0,1.430406031978E12,2.0
109,AssistanceService,true,19.0

110,MedicalService3,false
110,AssistanceService,false,0.0

111,MedicalService3,true,2.15,1.430406032991E12,2.0
111,AlarmService1,true,4.0,1.430406032993E12,3.0
111,AssistanceService,true,6.15

112,MedicalService3,true,2.15,1.430406033E12,3.0
112,AlarmService2,true,12.0,1.430406033003E12,3.0
112,AssistanceService,true,14.15

113,MedicalService1,true,4.0,1.430406033009E12,4.0
113,DrugService,true,5.0,1.430406033013E12,3.0
113,AssistanceService,true,9.0

114,MedicalService2,true,14.0,1.43040603302E12,3.0
114,DrugService,true,5.0,1.430406033023E12,3.0
114,AssistanceService,true,19.0

115,MedicalService2,true,14.0,1.43040603303E12,4.0
115,AlarmService2,true,12.0,1.430406033034E12,3.0
115,AssistanceService,true,26.0

116,MedicalService3,true,2.15,1.430406033045E12,6.0
116,DrugService,true,5.0,1.430406033051E12,4.0
116,AssistanceService,true,7.15

117,MedicalService2,true,14.0,1.430406033059E12,3.0
117,DrugService,true,5.0,1.430406033062E12,3.0
117,AssistanceService,true,19.0

118,MedicalService2,true,14.0,1.430406033069E12,4.0
118,DrugService,true,5.0,1.430406033073E12,2.0
118,AssistanceService,true,19.0

119,MedicalService3,true,2.15,1.430406033079E12,3.0
119,DrugService,true,5.0,1.430406033082E12,5.0
119,AssistanceService,true,7.15

120,MedicalService2,false
120,AssistanceService,false,0.0

121,MedicalService3,true,2.15,1.430406034101E12,2.0
121,AlarmService1,true,4.0,1.430406034103E12,3.0
121,AssistanceService,true,6.15

122,MedicalService2,true,14.0,1.430406034109E12,2.0
122,AlarmService1,true,4.0,1.430406034111E12,3.0
122,AssistanceService,true,18.0

123,MedicalService1,true,4.0,1.430406034116E12,3.0
123,AlarmService3,true,2.0,1.430406034119E12,1.0
123,AssistanceService,true,6.0

124,AlarmService1,true,4.0,1.430406034123E12,2.0
124,AssistanceService,true,4.0

125,MedicalService3,true,2.15,1.430406034127E12,2.0
125,DrugService,true,5.0,1.430406034129E12,2.0
125,AssistanceService,true,7.15

126,MedicalService2,true,14.0,1.430406034134E12,3.0
126,DrugService,true,5.0,1.430406034137E12,2.0
126,AssistanceService,true,19.0

127,MedicalService1,true,4.0,1.430406034142E12,2.0
127,DrugService,true,5.0,1.430406034144E12,2.0
127,AssistanceService,true,9.0

128,AlarmService3,true,2.0,1.430406034149E12,3.0
128,AssistanceService,true,2.0

129,MedicalService3,true,2.15,1.430406034155E12,2.0
129,AlarmService3,true,2.0,1.430406034157E12,2.0
129,AssistanceService,true,4.15

130,MedicalService1,true,4.0,1.430406034161E12,3.0
130,DrugService,true,5.0,1.430406034164E12,1.0
130,AssistanceService,true,9.0

131,MedicalService2,true,14.0,1.430406034168E12,2.0
131,AlarmService2,true,12.0,1.43040603417E12,2.0
131,AssistanceService,true,26.0

132,MedicalService2,true,14.0,1.430406034175E12,3.0
132,DrugService,true,5.0,1.430406034178E12,2.0
132,AssistanceService,true,19.0

133,MedicalService1,true,4.0,1.430406034183E12,2.0
133,DrugService,true,5.0,1.430406034185E12,1.0
133,AssistanceService,true,9.0

134,AlarmService3,true,2.0,1.430406034189E12,2.0
134,AssistanceService,true,2.0

135,AlarmService2,true,12.0,1.430406034195E12,4.0
135,AssistanceService,true,12.0

136,MedicalService2,true,14.0,1.430406034203E12,2.0
136,DrugService,true,5.0,1.430406034205E12,2.0
136,AssistanceService,true,19.0

137,MedicalService2,true,14.0,1.430406034209E12,3.0
137,DrugService,true,5.0,1.430406034212E12,3.0
137,AssistanceService,true,19.0

138,MedicalService3,true,2.15,1.430406034217E12,2.0
138,AlarmService1,true,4.0,1.430406034219E12,3.0
138,AssistanceService,true,6.15

139,MedicalService1,true,4.0,1.430406034224E12,3.0
139,DrugService,true,5.0,1.430406034227E12,2.0
139,AssistanceService,true,9.0

140,MedicalService3,true,2.15,1.430406034232E12,3.0
140,AlarmService3,true,2.0,1.430406034235E12,2.0
140,AssistanceService,true,4.15

141,AlarmService2,true,12.0,1.43040603424E12,2.0
141,AssistanceService,true,12.0

142,MedicalService1,true,4.0,1.430406034246E12,9.0
142,DrugService,true,5.0,1.430406034255E12,2.0
142,AssistanceService,true,9.0

143,MedicalService2,true,14.0,1.430406034259E12,3.0
143,DrugService,true,5.0,1.430406034262E12,2.0
143,AssistanceService,true,19.0

144,MedicalService3,false
144,AssistanceService,false,0.0

145,MedicalService3,true,2.15,1.430406035276E12,2.0
145,AlarmService3,true,2.0,1.430406035278E12,2.0
145,AssistanceService,true,4.15

146,MedicalService1,true,4.0,1.430406035283E12,3.0
146,AlarmService3,true,2.0,1.430406035286E12,2.0
146,AssistanceService,true,6.0

147,MedicalService2,true,14.0,1.430406035292E12,2.0
147,AlarmService3,true,2.0,1.430406035294E12,2.0
147,AssistanceService,true,16.0

148,MedicalService1,true,4.0,1.4304060353E12,2.0
148,AlarmService3,false
148,AssistanceService,false,4.0

149,AlarmService1,true,4.0,1.430406036312E12,2.0
149,AssistanceService,true,4.0

150,MedicalService3,true,2.15,1.430406036317E12,3.0
150,DrugService,true,5.0,1.43040603632E12,3.0
150,AssistanceService,true,7.15

151,AlarmService1,false
151,AssistanceService,false,0.0

152,MedicalService1,true,4.0,1.430406037337E12,2.0
152,DrugService,true,5.0,1.43040603734E12,2.0
152,AssistanceService,true,9.0

153,MedicalService2,true,14.0,1.430406037345E12,2.0
153,DrugService,true,5.0,1.430406037347E12,2.0
153,AssistanceService,true,19.0

154,MedicalService2,true,14.0,1.430406037352E12,2.0
154,AlarmService3,true,2.0,1.430406037354E12,2.0
154,AssistanceService,true,16.0

155,AlarmService2,true,12.0,1.430406037359E12,2.0
155,AssistanceService,true,12.0

156,MedicalService2,true,14.0,1.430406037364E12,3.0
156,DrugService,true,5.0,1.430406037367E12,3.0
156,AssistanceService,true,19.0

157,MedicalService3,true,2.15,1.430406037372E12,2.0
157,DrugService,true,5.0,1.430406037374E12,2.0
157,AssistanceService,true,7.15

158,MedicalService1,true,4.0,1.430406037379E12,2.0
158,DrugService,true,5.0,1.430406037381E12,2.0
158,AssistanceService,true,9.0

159,AlarmService1,true,4.0,1.430406037385E12,2.0
159,AssistanceService,true,4.0

160,AlarmService3,true,2.0,1.43040603739E12,2.0
160,AssistanceService,true,2.0

161,MedicalService2,true,14.0,1.430406037394E12,3.0
161,AlarmService3,true,2.0,1.430406037397E12,1.0
161,AssistanceService,true,16.0

162,AlarmService1,true,4.0,1.430406037402E12,2.0
162,AssistanceService,true,4.0

163,MedicalService1,true,4.0,1.430406037406E12,2.0
163,AlarmService2,true,12.0,1.430406037408E12,3.0
163,AssistanceService,true,16.0

164,MedicalService3,true,2.15,1.430406037414E12,3.0
164,DrugService,true,5.0,1.430406037417E12,2.0
164,AssistanceService,true,7.15

165,MedicalService1,true,4.0,1.430406037423E12,3.0
165,DrugService,true,5.0,1.430406037426E12,3.0
165,AssistanceService,true,9.0

166,MedicalService1,true,4.0,1.430406037432E12,3.0
166,DrugService,true,5.0,1.430406037435E12,2.0
166,AssistanceService,true,9.0

167,MedicalService2,true,14.0,1.43040603744E12,2.0
167,DrugService,true,5.0,1.430406037442E12,2.0
167,AssistanceService,true,19.0

168,MedicalService2,true,14.0,1.430406037447E12,2.0
168,DrugService,true,5.0,1.430406037449E12,2.0
168,AssistanceService,true,19.0

169,MedicalService3,true,2.15,1.430406037454E12,1.0
169,AlarmService2,true,12.0,1.430406037456E12,1.0
169,AssistanceService,true,14.15

170,MedicalService3,true,2.15,1.43040603746E12,2.0
170,AlarmService1,true,4.0,1.430406037462E12,2.0
170,AssistanceService,true,6.15

171,MedicalService3,true,2.15,1.430406037466E12,2.0
171,DrugService,true,5.0,1.430406037468E12,2.0
171,AssistanceService,true,7.15

172,MedicalService3,true,2.15,1.430406037473E12,2.0
172,DrugService,true,5.0,1.430406037475E12,2.0
172,AssistanceService,true,7.15

173,AlarmService1,true,4.0,1.43040603748E12,1.0
173,AssistanceService,true,4.0

174,MedicalService3,false
174,AssistanceService,false,0.0

175,AlarmService2,true,12.0,1.430406038495E12,2.0
175,AssistanceService,true,12.0

176,MedicalService2,true,14.0,1.4304060385E12,3.0
176,DrugService,true,5.0,1.430406038503E12,2.0
176,AssistanceService,true,19.0

177,AlarmService3,true,2.0,1.430406038507E12,2.0
177,AssistanceService,true,2.0

178,MedicalService3,true,2.15,1.430406038512E12,3.0
178,DrugService,true,5.0,1.430406038515E12,2.0
178,AssistanceService,true,7.15

179,MedicalService3,false
179,AssistanceService,false,0.0

180,MedicalService1,true,4.0,1.43040603953E12,3.0
180,DrugService,true,5.0,1.430406039533E12,3.0
180,AssistanceService,true,9.0

181,MedicalService2,true,14.0,1.43040603954E12,2.0
181,AlarmService2,true,12.0,1.430406039542E12,2.0
181,AssistanceService,true,26.0

182,MedicalService3,true,2.15,1.430406039547E12,3.0
182,DrugService,true,5.0,1.43040603955E12,2.0
182,AssistanceService,true,7.15

183,MedicalService3,false
183,AssistanceService,false,0.0

184,MedicalService2,true,14.0,1.430406040566E12,3.0
184,DrugService,true,5.0,1.430406040569E12,2.0
184,AssistanceService,true,19.0

185,MedicalService2,true,14.0,1.430406040574E12,2.0
185,DrugService,true,5.0,1.430406040576E12,2.0
185,AssistanceService,true,19.0

186,MedicalService3,true,2.15,1.430406040581E12,3.0
186,DrugService,true,5.0,1.430406040584E12,2.0
186,AssistanceService,true,7.15

187,MedicalService3,true,2.15,1.430406040589E12,2.0
187,DrugService,true,5.0,1.430406040591E12,2.0
187,AssistanceService,true,7.15

188,AlarmService1,true,4.0,1.430406040595E12,2.0
188,AssistanceService,true,4.0

189,MedicalService3,true,2.15,1.4304060406E12,2.0
189,AlarmService1,true,4.0,1.430406040602E12,2.0
189,AssistanceService,true,6.15

190,MedicalService2,true,14.0,1.430406040607E12,2.0
190,DrugService,true,5.0,1.430406040609E12,2.0
190,AssistanceService,true,19.0

191,MedicalService1,true,4.0,1.430406040614E12,2.0
191,AlarmService3,true,2.0,1.430406040616E12,3.0
191,AssistanceService,true,6.0

192,MedicalService3,true,2.15,1.430406040622E12,2.0
192,AlarmService2,true,12.0,1.430406040624E12,2.0
192,AssistanceService,true,14.15

193,MedicalService2,true,14.0,1.430406040629E12,2.0
193,DrugService,true,5.0,1.430406040631E12,2.0
193,AssistanceService,true,19.0

194,MedicalService2,false
194,AssistanceService,false,0.0

195,MedicalService2,true,14.0,1.430406041641E12,3.0
195,DrugService,true,5.0,1.430406041644E12,2.0
195,AssistanceService,true,19.0

196,MedicalService1,true,4.0,1.430406041649E12,2.0
196,AlarmService2,true,12.0,1.430406041651E12,2.0
196,AssistanceService,true,16.0

197,MedicalService3,false
197,AssistanceService,false,0.0

198,MedicalService1,true,4.0,1.430406042667E12,3.0
198,DrugService,true,5.0,1.43040604267E12,2.0
198,AssistanceService,true,9.0

199,MedicalService3,true,2.15,1.430406042675E12,2.0
199,DrugService,true,5.0,1.430406042677E12,2.0
199,AssistanceService,true,7.15

200,MedicalService1,true,4.0,1.430406042682E12,3.0
200,DrugService,true,5.0,1.430406042685E12,2.0
200,AssistanceService,true,9.0

201,MedicalService2,true,14.0,1.430406042691E12,2.0
201,DrugService,true,5.0,1.430406042693E12,2.0
201,AssistanceService,true,19.0

202,MedicalService1,true,4.0,1.430406042698E12,2.0
202,DrugService,true,5.0,1.4304060427E12,2.0
202,AssistanceService,true,9.0

203,AlarmService3,true,2.0,1.430406042705E12,3.0
203,AssistanceService,true,2.0

204,AlarmService3,true,2.0,1.430406042711E12,3.0
204,AssistanceService,true,2.0

205,MedicalService1,true,4.0,1.430406042717E12,3.0
205,DrugService,true,5.0,1.43040604272E12,2.0
205,AssistanceService,true,9.0

206,MedicalService3,false
206,AssistanceService,false,0.0

207,AlarmService1,true,4.0,1.430406043733E12,2.0
207,AssistanceService,true,4.0

208,MedicalService2,true,14.0,1.430406043738E12,2.0
208,AlarmService1,true,4.0,1.43040604374E12,3.0
208,AssistanceService,true,18.0

209,MedicalService2,true,14.0,1.430406043746E12,2.0
209,DrugService,true,5.0,1.430406043748E12,3.0
209,AssistanceService,true,19.0

210,AlarmService2,true,12.0,1.430406043755E12,12.0
210,AssistanceService,true,12.0

211,MedicalService1,true,4.0,1.430406043771E12,3.0
211,DrugService,true,5.0,1.430406043774E12,2.0
211,AssistanceService,true,9.0

212,AlarmService2,true,12.0,1.430406043779E12,3.0
212,AssistanceService,true,12.0

213,MedicalService2,true,14.0,1.430406043784E12,2.0
213,AlarmService3,true,2.0,1.430406043786E12,2.0
213,AssistanceService,true,16.0

214,MedicalService2,true,14.0,1.43040604379E12,2.0
214,DrugService,true,5.0,1.430406043792E12,3.0
214,AssistanceService,true,19.0

215,MedicalService1,false
215,AssistanceService,false,0.0

216,AlarmService3,true,2.0,1.430406044804E12,3.0
216,AssistanceService,true,2.0

217,AlarmService1,true,4.0,1.43040604481E12,2.0
217,AssistanceService,true,4.0

218,AlarmService1,false
218,AssistanceService,false,0.0

219,MedicalService3,false
219,AssistanceService,false,0.0

220,MedicalService3,true,2.15,1.430406046837E12,2.0
220,DrugService,true,5.0,1.430406046839E12,2.0
220,AssistanceService,true,7.15

221,AlarmService2,true,12.0,1.430406046845E12,2.0
221,AssistanceService,true,12.0

222,MedicalService3,true,2.15,1.43040604685E12,2.0
222,AlarmService1,true,4.0,1.430406046852E12,2.0
222,AssistanceService,true,6.15

223,AlarmService1,true,4.0,1.430406046857E12,3.0
223,AssistanceService,true,4.0

224,AlarmService2,true,12.0,1.430406046862E12,2.0
224,AssistanceService,true,12.0

225,AlarmService1,true,4.0,1.430406046867E12,1.0
225,AssistanceService,true,4.0

226,MedicalService1,true,4.0,1.430406046871E12,2.0
226,DrugService,true,5.0,1.430406046873E12,2.0
226,AssistanceService,true,9.0

227,MedicalService1,true,4.0,1.430406046878E12,2.0
227,DrugService,true,5.0,1.430406046881E12,1.0
227,AssistanceService,true,9.0

228,AlarmService3,true,2.0,1.430406046885E12,2.0
228,AssistanceService,true,2.0

229,MedicalService1,true,4.0,1.43040604689E12,2.0
229,DrugService,true,5.0,1.430406046892E12,2.0
229,AssistanceService,true,9.0

230,MedicalService1,true,4.0,1.430406046896E12,2.0
230,AlarmService2,true,12.0,1.430406046898E12,2.0
230,AssistanceService,true,16.0

231,MedicalService1,true,4.0,1.430406046902E12,2.0
231,DrugService,true,5.0,1.430406046904E12,2.0
231,AssistanceService,true,9.0

232,MedicalService1,true,4.0,1.430406046909E12,2.0
232,DrugService,true,5.0,1.430406046912E12,2.0
232,AssistanceService,true,9.0

233,MedicalService1,false
233,AssistanceService,false,0.0

234,MedicalService2,true,14.0,1.430406047927E12,3.0
234,DrugService,true,5.0,1.43040604793E12,2.0
234,AssistanceService,true,19.0

235,MedicalService1,true,4.0,1.430406047935E12,2.0
235,AlarmService1,true,4.0,1.430406047937E12,2.0
235,AssistanceService,true,8.0

236,MedicalService2,true,14.0,1.430406047942E12,2.0
236,DrugService,true,5.0,1.430406047944E12,1.0
236,AssistanceService,true,19.0

237,MedicalService3,true,2.15,1.430406047948E12,2.0
237,DrugService,true,5.0,1.43040604795E12,2.0
237,AssistanceService,true,7.15

238,MedicalService3,false
238,AssistanceService,false,0.0

239,MedicalService2,true,14.0,1.430406048962E12,3.0
239,DrugService,true,5.0,1.430406048965E12,2.0
239,AssistanceService,true,19.0

240,MedicalService2,true,14.0,1.43040604897E12,3.0
240,AlarmService2,true,12.0,1.430406048973E12,2.0
240,AssistanceService,true,26.0

241,MedicalService1,true,4.0,1.430406048978E12,2.0
241,AlarmService1,true,4.0,1.43040604898E12,2.0
241,AssistanceService,true,8.0

242,MedicalService1,true,4.0,1.430406048984E12,3.0
242,DrugService,true,5.0,1.430406048987E12,2.0
242,AssistanceService,true,9.0

243,AlarmService3,true,2.0,1.430406048992E12,2.0
243,AssistanceService,true,2.0

244,MedicalService2,true,14.0,1.430406048997E12,3.0
244,AlarmService1,true,4.0,1.430406049E12,3.0
244,AssistanceService,true,18.0

245,MedicalService1,true,4.0,1.430406049006E12,2.0
245,AlarmService1,true,4.0,1.430406049008E12,3.0
245,AssistanceService,true,8.0

246,MedicalService2,true,14.0,1.430406049015E12,2.0
246,AlarmService3,true,2.0,1.430406049017E12,2.0
246,AssistanceService,true,16.0

247,MedicalService2,true,14.0,1.430406049022E12,3.0
247,DrugService,true,5.0,1.430406049025E12,2.0
247,AssistanceService,true,19.0

248,AlarmService1,true,4.0,1.430406049029E12,2.0
248,AssistanceService,true,4.0

249,MedicalService3,true,2.15,1.430406049034E12,2.0
249,AlarmService2,true,12.0,1.430406049036E12,2.0
249,AssistanceService,true,14.15

250,MedicalService3,true,2.15,1.43040604904E12,2.0
250,DrugService,true,5.0,1.430406049042E12,2.0
250,AssistanceService,true,7.15

251,MedicalService2,true,14.0,1.430406049047E12,2.0
251,AlarmService2,true,12.0,1.430406049049E12,3.0
251,AssistanceService,true,26.0

252,AlarmService1,true,4.0,1.430406049055E12,2.0
252,AssistanceService,true,4.0

253,AlarmService3,true,2.0,1.43040604906E12,2.0
253,AssistanceService,true,2.0

254,AlarmService1,true,4.0,1.430406049066E12,2.0
254,AssistanceService,true,4.0

255,AlarmService2,true,12.0,1.430406049072E12,2.0
255,AssistanceService,true,12.0

256,AlarmService3,true,2.0,1.430406049077E12,2.0
256,AssistanceService,true,2.0

257,AlarmService1,true,4.0,1.430406049082E12,2.0
257,AssistanceService,true,4.0

258,MedicalService2,true,14.0,1.430406049087E12,2.0
258,AlarmService2,true,12.0,1.430406049089E12,2.0
258,AssistanceService,true,26.0

259,MedicalService3,true,2.15,1.430406049094E12,2.0
259,DrugService,true,5.0,1.430406049096E12,1.0
259,AssistanceService,true,7.15

260,MedicalService3,false
260,AssistanceService,false,0.0

261,MedicalService2,true,14.0,1.430406050107E12,3.0
261,DrugService,true,5.0,1.43040605011E12,2.0
261,AssistanceService,true,19.0

262,MedicalService1,true,4.0,1.430406050116E12,3.0
262,DrugService,true,5.0,1.430406050119E12,2.0
262,AssistanceService,true,9.0

263,MedicalService3,true,2.15,1.430406050125E12,3.0
263,DrugService,true,5.0,1.430406050128E12,3.0
263,AssistanceService,true,7.15

264,MedicalService2,true,14.0,1.430406050133E12,3.0
264,AlarmService3,false
264,AssistanceService,false,14.0

265,AlarmService3,true,2.0,1.430406051145E12,3.0
265,AssistanceService,true,2.0

266,MedicalService1,true,4.0,1.430406051151E12,2.0
266,DrugService,true,5.0,1.430406051153E12,2.0
266,AssistanceService,true,9.0

267,AlarmService2,true,12.0,1.430406051158E12,3.0
267,AssistanceService,true,12.0

268,AlarmService1,true,4.0,1.430406051164E12,3.0
268,AssistanceService,true,4.0

269,MedicalService2,true,14.0,1.430406051171E12,3.0
269,DrugService,true,5.0,1.430406051174E12,3.0
269,AssistanceService,true,19.0

270,MedicalService3,true,2.15,1.430406051179E12,3.0
270,AlarmService2,true,12.0,1.430406051182E12,2.0
270,AssistanceService,true,14.15

271,AlarmService3,true,2.0,1.430406051186E12,2.0
271,AssistanceService,true,2.0

272,MedicalService2,true,14.0,1.43040605119E12,2.0
272,DrugService,true,5.0,1.430406051192E12,2.0
272,AssistanceService,true,19.0

273,MedicalService3,true,2.15,1.430406051197E12,2.0
273,AlarmService2,true,12.0,1.430406051199E12,2.0
273,AssistanceService,true,14.15

274,MedicalService1,true,4.0,1.430406051203E12,2.0
274,DrugService,true,5.0,1.430406051205E12,2.0
274,AssistanceService,true,9.0

275,MedicalService3,false
275,AssistanceService,false,0.0

276,AlarmService3,true,2.0,1.430406052217E12,3.0
276,AssistanceService,true,2.0

277,MedicalService2,false
277,AssistanceService,false,0.0

278,AlarmService2,true,12.0,1.430406053233E12,2.0
278,AssistanceService,true,12.0

279,MedicalService2,true,14.0,1.430406053239E12,2.0
279,AlarmService1,false
279,AssistanceService,false,14.0

280,MedicalService3,true,2.15,1.430406054251E12,2.0
280,DrugService,true,5.0,1.430406054253E12,3.0
280,AssistanceService,true,7.15

281,MedicalService1,false
281,AssistanceService,false,0.0

282,MedicalService2,true,14.0,1.430406055266E12,2.0
282,DrugService,true,5.0,1.430406055268E12,2.0
282,AssistanceService,true,19.0

283,MedicalService2,true,14.0,1.430406055274E12,12.0
283,AlarmService1,false
283,AssistanceService,false,14.0

284,MedicalService2,true,14.0,1.430406056295E12,3.0
284,DrugService,true,5.0,1.430406056298E12,2.0
284,AssistanceService,true,19.0

285,MedicalService1,true,4.0,1.430406056303E12,3.0
285,AlarmService1,true,4.0,1.430406056306E12,2.0
285,AssistanceService,true,8.0

286,MedicalService1,true,4.0,1.43040605631E12,2.0
286,AlarmService3,false
286,AssistanceService,false,4.0

287,AlarmService1,false
287,AssistanceService,false,0.0

288,MedicalService3,true,2.15,1.43040605833E12,3.0
288,DrugService,true,5.0,1.430406058333E12,3.0
288,AssistanceService,true,7.15

289,MedicalService3,true,2.15,1.430406058338E12,2.0
289,DrugService,true,5.0,1.43040605834E12,3.0
289,AssistanceService,true,7.15

290,MedicalService1,true,4.0,1.430406058347E12,4.0
290,AlarmService1,true,4.0,1.430406058351E12,3.0
290,AssistanceService,true,8.0

291,AlarmService3,true,2.0,1.430406058358E12,3.0
291,AssistanceService,true,2.0

292,MedicalService2,true,14.0,1.430406058366E12,3.0
292,DrugService,true,5.0,1.430406058369E12,2.0
292,AssistanceService,true,19.0

293,MedicalService2,true,14.0,1.430406058373E12,3.0
293,DrugService,true,5.0,1.430406058376E12,3.0
293,AssistanceService,true,19.0

294,MedicalService2,true,14.0,1.430406058383E12,2.0
294,DrugService,true,5.0,1.430406058385E12,2.0
294,AssistanceService,true,19.0

295,MedicalService2,true,14.0,1.430406058389E12,2.0
295,AlarmService1,true,4.0,1.430406058391E12,3.0
295,AssistanceService,true,18.0

296,MedicalService2,true,14.0,1.430406058397E12,2.0
296,DrugService,true,5.0,1.430406058399E12,2.0
296,AssistanceService,true,19.0

297,MedicalService2,true,14.0,1.430406058403E12,2.0
297,AlarmService1,false
297,AssistanceService,false,14.0

298,MedicalService3,true,2.15,1.430406059415E12,3.0
298,AlarmService1,false
298,AssistanceService,false,2.15

299,AlarmService3,true,2.0,1.430406060427E12,3.0
299,AssistanceService,true,2.0

300,MedicalService3,true,2.15,1.430406060433E12,3.0
300,DrugService,true,5.0,1.430406060436E12,2.0
300,AssistanceService,true,7.15

301,MedicalService3,false
301,AssistanceService,false,0.0

302,MedicalService2,true,14.0,1.43040606145E12,3.0
302,AlarmService3,true,2.0,1.430406061453E12,2.0
302,AssistanceService,true,16.0

303,AlarmService3,true,2.0,1.430406061458E12,2.0
303,AssistanceService,true,2.0

304,AlarmService3,true,2.0,1.430406061463E12,3.0
304,AssistanceService,true,2.0

305,AlarmService2,true,12.0,1.430406061469E12,3.0
305,AssistanceService,true,12.0

306,MedicalService1,true,4.0,1.430406061475E12,2.0
306,AlarmService2,true,12.0,1.430406061477E12,2.0
306,AssistanceService,true,16.0

307,MedicalService2,true,14.0,1.430406061481E12,3.0
307,DrugService,true,5.0,1.430406061484E12,2.0
307,AssistanceService,true,19.0

308,AlarmService3,false
308,AssistanceService,false,0.0

309,MedicalService1,true,4.0,1.430406062497E12,2.0
309,DrugService,true,5.0,1.430406062499E12,2.0
309,AssistanceService,true,9.0

310,MedicalService1,true,4.0,1.430406062505E12,2.0
310,DrugService,true,5.0,1.430406062507E12,2.0
310,AssistanceService,true,9.0

311,MedicalService3,true,2.15,1.430406062512E12,3.0
311,AlarmService1,true,4.0,1.430406062515E12,2.0
311,AssistanceService,true,6.15

312,MedicalService2,true,14.0,1.43040606252E12,3.0
312,AlarmService1,true,4.0,1.430406062523E12,2.0
312,AssistanceService,true,18.0

313,MedicalService2,true,14.0,1.430406062528E12,2.0
313,DrugService,true,5.0,1.43040606253E12,2.0
313,AssistanceService,true,19.0

314,MedicalService1,true,4.0,1.430406062535E12,3.0
314,AlarmService1,true,4.0,1.430406062538E12,2.0
314,AssistanceService,true,8.0

315,MedicalService1,true,4.0,1.430406062543E12,2.0
315,DrugService,true,5.0,1.430406062545E12,3.0
315,AssistanceService,true,9.0

316,AlarmService2,true,12.0,1.430406062552E12,2.0
316,AssistanceService,true,12.0

317,AlarmService2,true,12.0,1.430406062557E12,2.0
317,AssistanceService,true,12.0

318,MedicalService3,true,2.15,1.430406062561E12,2.0
318,DrugService,true,5.0,1.430406062563E12,3.0
318,AssistanceService,true,7.15

319,MedicalService2,true,14.0,1.430406062568E12,3.0
319,DrugService,true,5.0,1.430406062571E12,2.0
319,AssistanceService,true,19.0

320,MedicalService1,true,4.0,1.430406062575E12,3.0
320,DrugService,true,5.0,1.430406062578E12,2.0
320,AssistanceService,true,9.0

321,MedicalService2,true,14.0,1.430406062582E12,2.0
321,DrugService,true,5.0,1.430406062584E12,2.0
321,AssistanceService,true,19.0

322,MedicalService3,true,2.15,1.430406062588E12,2.0
322,DrugService,true,5.0,1.43040606259E12,2.0
322,AssistanceService,true,7.15

323,MedicalService1,false
323,AssistanceService,false,0.0

324,MedicalService1,true,4.0,1.430406063604E12,2.0
324,DrugService,true,5.0,1.430406063606E12,2.0
324,AssistanceService,true,9.0

325,MedicalService3,false
325,AssistanceService,false,0.0

326,MedicalService3,true,2.15,1.430406064617E12,3.0
326,AlarmService3,true,2.0,1.43040606462E12,2.0
326,AssistanceService,true,4.15

327,AlarmService3,true,2.0,1.430406064624E12,2.0
327,AssistanceService,true,2.0

328,MedicalService2,true,14.0,1.430406064629E12,2.0
328,AlarmService1,true,4.0,1.430406064631E12,4.0
328,AssistanceService,true,18.0

329,MedicalService3,false
329,AssistanceService,false,0.0

330,MedicalService2,true,14.0,1.430406065648E12,3.0
330,AlarmService2,true,12.0,1.430406065651E12,3.0
330,AssistanceService,true,26.0

331,MedicalService3,true,2.15,1.430406065657E12,2.0
331,AlarmService2,true,12.0,1.430406065659E12,2.0
331,AssistanceService,true,14.15

332,MedicalService1,true,4.0,1.430406065664E12,4.0
332,AlarmService1,true,4.0,1.430406065668E12,3.0
332,AssistanceService,true,8.0

333,MedicalService3,true,2.15,1.430406065674E12,2.0
333,DrugService,true,5.0,1.430406065676E12,3.0
333,AssistanceService,true,7.15

334,MedicalService3,false
334,AssistanceService,false,0.0

335,MedicalService3,false
335,AssistanceService,false,0.0

336,MedicalService2,true,14.0,1.430406067695E12,3.0
336,AlarmService3,true,2.0,1.430406067698E12,3.0
336,AssistanceService,true,16.0

337,MedicalService1,true,4.0,1.430406067704E12,2.0
337,DrugService,true,5.0,1.430406067706E12,3.0
337,AssistanceService,true,9.0

338,MedicalService1,false
338,AssistanceService,false,0.0

339,MedicalService2,true,14.0,1.430406068721E12,2.0
339,DrugService,true,5.0,1.430406068723E12,2.0
339,AssistanceService,true,19.0

340,MedicalService1,true,4.0,1.430406068728E12,3.0
340,AlarmService1,true,4.0,1.430406068731E12,2.0
340,AssistanceService,true,8.0

341,MedicalService2,true,14.0,1.430406068737E12,3.0
341,AlarmService2,true,12.0,1.43040606874E12,2.0
341,AssistanceService,true,26.0

342,MedicalService2,true,14.0,1.430406068746E12,3.0
342,DrugService,true,5.0,1.430406068749E12,3.0
342,AssistanceService,true,19.0

343,MedicalService1,true,4.0,1.430406068756E12,3.0
343,DrugService,true,5.0,1.430406068759E12,3.0
343,AssistanceService,true,9.0

344,AlarmService1,false
344,AssistanceService,false,0.0

345,MedicalService1,true,4.0,1.430406069773E12,3.0
345,AlarmService1,true,4.0,1.430406069776E12,2.0
345,AssistanceService,true,8.0

346,MedicalService3,true,2.15,1.430406069781E12,3.0
346,AlarmService2,true,12.0,1.430406069784E12,2.0
346,AssistanceService,true,14.15

347,MedicalService2,true,14.0,1.430406069789E12,2.0
347,DrugService,true,5.0,1.430406069791E12,2.0
347,AssistanceService,true,19.0

348,MedicalService2,true,14.0,1.430406069797E12,2.0
348,DrugService,true,5.0,1.430406069799E12,13.0
348,AssistanceService,true,19.0

349,MedicalService1,true,4.0,1.430406069815E12,2.0
349,DrugService,true,5.0,1.430406069817E12,2.0
349,AssistanceService,true,9.0

350,AlarmService3,true,2.0,1.430406069822E12,2.0
350,AssistanceService,true,2.0

351,MedicalService2,true,14.0,1.430406069827E12,2.0
351,DrugService,true,5.0,1.430406069829E12,2.0
351,AssistanceService,true,19.0

352,MedicalService1,true,4.0,1.430406069833E12,2.0
352,AlarmService2,true,12.0,1.430406069835E12,2.0
352,AssistanceService,true,16.0

353,MedicalService2,false
353,AssistanceService,false,0.0

354,MedicalService3,true,2.15,1.43040607085E12,3.0
354,DrugService,true,5.0,1.430406070853E12,2.0
354,AssistanceService,true,7.15

355,MedicalService3,true,2.15,1.430406070858E12,2.0
355,DrugService,true,5.0,1.43040607086E12,3.0
355,AssistanceService,true,7.15

356,MedicalService3,true,2.15,1.430406070866E12,3.0
356,DrugService,true,5.0,1.430406070869E12,2.0
356,AssistanceService,true,7.15

357,MedicalService2,true,14.0,1.430406070874E12,2.0
357,DrugService,true,5.0,1.430406070876E12,2.0
357,AssistanceService,true,19.0

358,MedicalService2,true,14.0,1.430406070881E12,2.0
358,AlarmService2,true,12.0,1.430406070883E12,3.0
358,AssistanceService,true,26.0

359,AlarmService3,true,2.0,1.43040607089E12,2.0
359,AssistanceService,true,2.0

360,MedicalService2,true,14.0,1.430406070895E12,3.0
360,AlarmService3,true,2.0,1.430406070898E12,2.0
360,AssistanceService,true,16.0

361,MedicalService1,true,4.0,1.430406070903E12,2.0
361,DrugService,true,5.0,1.430406070905E12,2.0
361,AssistanceService,true,9.0

362,AlarmService2,true,12.0,1.43040607091E12,2.0
362,AssistanceService,true,12.0

363,MedicalService3,true,2.15,1.430406070914E12,2.0
363,DrugService,true,5.0,1.430406070916E12,3.0
363,AssistanceService,true,7.15

364,MedicalService3,true,2.15,1.430406070922E12,2.0
364,DrugService,true,5.0,1.430406070924E12,2.0
364,AssistanceService,true,7.15

365,AlarmService1,false
365,AssistanceService,false,0.0

366,MedicalService3,true,2.15,1.430406071939E12,3.0
366,AlarmService3,true,2.0,1.430406071942E12,3.0
366,AssistanceService,true,4.15

367,MedicalService3,true,2.15,1.430406071948E12,3.0
367,DrugService,true,5.0,1.430406071951E12,3.0
367,AssistanceService,true,7.15

368,MedicalService1,true,4.0,1.430406071957E12,3.0
368,DrugService,true,5.0,1.43040607196E12,3.0
368,AssistanceService,true,9.0

369,MedicalService3,true,2.15,1.430406071967E12,2.0
369,AlarmService3,true,2.0,1.430406071969E12,3.0
369,AssistanceService,true,4.15

370,MedicalService3,true,2.15,1.430406071975E12,2.0
370,AlarmService3,true,2.0,1.430406071977E12,2.0
370,AssistanceService,true,4.15

371,MedicalService2,true,14.0,1.430406071982E12,3.0
371,DrugService,true,5.0,1.430406071985E12,3.0
371,AssistanceService,true,19.0

372,AlarmService2,true,12.0,1.430406071991E12,2.0
372,AssistanceService,true,12.0

373,MedicalService1,true,4.0,1.430406071996E12,2.0
373,DrugService,true,5.0,1.430406071998E12,2.0
373,AssistanceService,true,9.0

374,AlarmService1,true,4.0,1.430406072002E12,2.0
374,AssistanceService,true,4.0

375,MedicalService2,true,14.0,1.430406072006E12,2.0
375,DrugService,true,5.0,1.430406072008E12,2.0
375,AssistanceService,true,19.0

376,AlarmService3,true,2.0,1.430406072012E12,2.0
376,AssistanceService,true,2.0

377,AlarmService2,true,12.0,1.430406072017E12,2.0
377,AssistanceService,true,12.0

378,MedicalService2,true,14.0,1.430406072022E12,2.0
378,DrugService,true,5.0,1.430406072024E12,2.0
378,AssistanceService,true,19.0

379,MedicalService2,false
379,AssistanceService,false,0.0

380,MedicalService1,true,4.0,1.430406073035E12,3.0
380,DrugService,true,5.0,1.430406073038E12,2.0
380,AssistanceService,true,9.0

381,MedicalService1,true,4.0,1.430406073043E12,2.0
381,DrugService,true,5.0,1.430406073046E12,2.0
381,AssistanceService,true,9.0

382,AlarmService3,true,2.0,1.430406073052E12,2.0
382,AssistanceService,true,2.0

383,MedicalService1,true,4.0,1.430406073058E12,3.0
383,AlarmService2,true,12.0,1.430406073061E12,2.0
383,AssistanceService,true,16.0

384,AlarmService3,false
384,AssistanceService,false,0.0

385,MedicalService2,true,14.0,1.430406074075E12,2.0
385,DrugService,true,5.0,1.430406074078E12,2.0
385,AssistanceService,true,19.0

386,AlarmService1,true,4.0,1.430406074083E12,2.0
386,AssistanceService,true,4.0

387,AlarmService2,true,12.0,1.430406074088E12,3.0
387,AssistanceService,true,12.0

388,MedicalService2,true,14.0,1.430406074093E12,3.0
388,DrugService,true,5.0,1.430406074096E12,2.0
388,AssistanceService,true,19.0

389,MedicalService3,true,2.15,1.430406074101E12,2.0
389,DrugService,true,5.0,1.430406074103E12,2.0
389,AssistanceService,true,7.15

390,AlarmService3,true,2.0,1.430406074107E12,2.0
390,AssistanceService,true,2.0

391,MedicalService1,true,4.0,1.430406074112E12,3.0
391,DrugService,true,5.0,1.430406074115E12,2.0
391,AssistanceService,true,9.0

392,MedicalService3,true,2.15,1.43040607412E12,2.0
392,AlarmService3,true,2.0,1.430406074122E12,2.0
392,AssistanceService,true,4.15

393,MedicalService2,true,14.0,1.430406074127E12,2.0
393,DrugService,true,5.0,1.430406074129E12,2.0
393,AssistanceService,true,19.0

394,MedicalService2,true,14.0,1.430406074134E12,2.0
394,DrugService,true,5.0,1.430406074136E12,2.0
394,AssistanceService,true,19.0

395,AlarmService2,true,12.0,1.43040607414E12,2.0
395,AssistanceService,true,12.0

396,MedicalService2,true,14.0,1.430406074145E12,2.0
396,DrugService,true,5.0,1.430406074147E12,2.0
396,AssistanceService,true,19.0

397,AlarmService3,true,2.0,1.430406074152E12,2.0
397,AssistanceService,true,2.0

398,MedicalService2,true,14.0,1.430406074157E12,2.0
398,AlarmService2,true,12.0,1.430406074159E12,2.0
398,AssistanceService,true,26.0

399,MedicalService2,true,14.0,1.430406074163E12,3.0
399,AlarmService3,false
399,AssistanceService,false,14.0

400,MedicalService3,true,2.15,1.43040607517E12,3.0
400,DrugService,true,5.0,1.430406075173E12,3.0
400,AssistanceService,true,7.15

401,AlarmService2,false
401,AssistanceService,false,0.0

402,MedicalService1,true,4.0,1.430406076185E12,3.0
402,DrugService,true,5.0,1.430406076188E12,2.0
402,AssistanceService,true,9.0

403,MedicalService2,true,14.0,1.430406076192E12,3.0
403,DrugService,true,5.0,1.430406076195E12,1.0
403,AssistanceService,true,19.0

404,MedicalService3,false
404,AssistanceService,false,0.0

405,MedicalService2,true,14.0,1.430406077205E12,4.0
405,DrugService,true,5.0,1.430406077209E12,2.0
405,AssistanceService,true,19.0

406,MedicalService3,false
406,AssistanceService,false,0.0

407,MedicalService2,true,14.0,1.430406078223E12,3.0
407,DrugService,true,5.0,1.430406078226E12,2.0
407,AssistanceService,true,19.0

408,MedicalService2,true,14.0,1.43040607823E12,3.0
408,DrugService,true,5.0,1.430406078233E12,2.0
408,AssistanceService,true,19.0

409,MedicalService3,true,2.15,1.430406078237E12,4.0
409,AlarmService3,true,2.0,1.430406078241E12,2.0
409,AssistanceService,true,4.15

410,MedicalService2,true,14.0,1.430406078247E12,2.0
410,AlarmService1,true,4.0,1.43040607825E12,2.0
410,AssistanceService,true,18.0

411,MedicalService1,true,4.0,1.430406078254E12,2.0
411,AlarmService1,true,4.0,1.430406078256E12,2.0
411,AssistanceService,true,8.0

412,MedicalService3,true,2.15,1.430406078261E12,2.0
412,DrugService,true,5.0,1.430406078263E12,3.0
412,AssistanceService,true,7.15

413,AlarmService3,false
413,AssistanceService,false,0.0

414,AlarmService3,false
414,AssistanceService,false,0.0

415,MedicalService3,true,2.15,1.43040608029E12,3.0
415,AlarmService2,true,12.0,1.430406080293E12,2.0
415,AssistanceService,true,14.15

416,MedicalService1,true,4.0,1.430406080298E12,14.0
416,AlarmService1,true,4.0,1.430406080312E12,3.0
416,AssistanceService,true,8.0

417,AlarmService2,true,12.0,1.430406080318E12,2.0
417,AssistanceService,true,12.0

418,MedicalService1,true,4.0,1.430406080323E12,2.0
418,DrugService,true,5.0,1.430406080325E12,2.0
418,AssistanceService,true,9.0

419,MedicalService3,true,2.15,1.43040608033E12,2.0
419,DrugService,true,5.0,1.430406080332E12,1.0
419,AssistanceService,true,7.15

420,AlarmService2,true,12.0,1.430406080336E12,3.0
420,AssistanceService,true,12.0

421,AlarmService3,true,2.0,1.430406080342E12,3.0
421,AssistanceService,true,2.0

422,MedicalService3,false
422,AssistanceService,false,0.0

423,MedicalService2,true,14.0,1.430406081357E12,3.0
423,DrugService,true,5.0,1.43040608136E12,2.0
423,AssistanceService,true,19.0

424,MedicalService1,true,4.0,1.430406081366E12,3.0
424,DrugService,true,5.0,1.430406081369E12,4.0
424,AssistanceService,true,9.0

425,AlarmService3,true,2.0,1.430406081376E12,3.0
425,AssistanceService,true,2.0

426,MedicalService1,true,4.0,1.430406081383E12,3.0
426,AlarmService3,true,2.0,1.430406081386E12,2.0
426,AssistanceService,true,6.0

427,MedicalService2,true,14.0,1.430406081391E12,3.0
427,AlarmService3,true,2.0,1.430406081394E12,2.0
427,AssistanceService,true,16.0

428,MedicalService2,true,14.0,1.430406081398E12,2.0
428,AlarmService3,true,2.0,1.4304060814E12,3.0
428,AssistanceService,true,16.0

429,AlarmService1,true,4.0,1.430406081406E12,2.0
429,AssistanceService,true,4.0

430,MedicalService1,true,4.0,1.430406081411E12,2.0
430,AlarmService3,true,2.0,1.430406081413E12,2.0
430,AssistanceService,true,6.0

431,MedicalService2,true,14.0,1.430406081418E12,1.0
431,AlarmService1,true,4.0,1.430406081419E12,2.0
431,AssistanceService,true,18.0

432,MedicalService3,true,2.15,1.430406081424E12,2.0
432,AlarmService1,true,4.0,1.430406081426E12,2.0
432,AssistanceService,true,6.15

433,MedicalService3,false
433,AssistanceService,false,0.0

434,AlarmService1,true,4.0,1.430406082439E12,3.0
434,AssistanceService,true,4.0

435,MedicalService1,false
435,AssistanceService,false,0.0

436,MedicalService2,true,14.0,1.430406083455E12,3.0
436,AlarmService3,true,2.0,1.430406083458E12,2.0
436,AssistanceService,true,16.0

437,AlarmService1,true,4.0,1.430406083463E12,2.0
437,AssistanceService,true,4.0

438,AlarmService1,false
438,AssistanceService,false,0.0

439,MedicalService3,true,2.15,1.430406084476E12,3.0
439,DrugService,true,5.0,1.430406084479E12,2.0
439,AssistanceService,true,7.15

440,AlarmService2,true,12.0,1.430406084484E12,2.0
440,AssistanceService,true,12.0

441,AlarmService2,true,12.0,1.430406084489E12,3.0
441,AssistanceService,true,12.0

442,AlarmService3,true,2.0,1.430406084495E12,3.0
442,AssistanceService,true,2.0

443,MedicalService1,true,4.0,1.430406084502E12,2.0
443,DrugService,true,5.0,1.430406084504E12,2.0
443,AssistanceService,true,9.0

444,MedicalService2,true,14.0,1.430406084509E12,3.0
444,DrugService,true,5.0,1.430406084512E12,2.0
444,AssistanceService,true,19.0

445,MedicalService3,true,2.15,1.430406084516E12,2.0
445,AlarmService2,true,12.0,1.430406084518E12,2.0
445,AssistanceService,true,14.15

446,MedicalService1,true,4.0,1.430406084523E12,2.0
446,DrugService,true,5.0,1.430406084525E12,2.0
446,AssistanceService,true,9.0

447,AlarmService1,true,4.0,1.43040608453E12,2.0
447,AssistanceService,true,4.0

448,MedicalService1,true,4.0,1.430406084534E12,2.0
448,AlarmService1,false
448,AssistanceService,false,4.0

449,MedicalService2,true,14.0,1.430406085544E12,3.0
449,AlarmService1,true,4.0,1.430406085547E12,2.0
449,AssistanceService,true,18.0

450,AlarmService2,true,12.0,1.430406085553E12,2.0
450,AssistanceService,true,12.0

451,MedicalService2,true,14.0,1.430406085558E12,3.0
451,AlarmService2,true,12.0,1.430406085561E12,2.0
451,AssistanceService,true,26.0

452,MedicalService1,true,4.0,1.430406085566E12,3.0
452,DrugService,true,5.0,1.430406085569E12,2.0
452,AssistanceService,true,9.0

453,MedicalService2,true,14.0,1.430406085574E12,2.0
453,DrugService,true,5.0,1.430406085576E12,2.0
453,AssistanceService,true,19.0

454,MedicalService2,true,14.0,1.430406085581E12,2.0
454,DrugService,true,5.0,1.430406085583E12,3.0
454,AssistanceService,true,19.0

455,MedicalService3,false
455,AssistanceService,false,0.0

456,MedicalService3,true,2.15,1.4304060866E12,3.0
456,DrugService,true,5.0,1.430406086603E12,2.0
456,AssistanceService,true,7.15

457,MedicalService3,false
457,AssistanceService,false,0.0

458,MedicalService3,true,2.15,1.43040608762E12,3.0
458,DrugService,true,5.0,1.430406087623E12,2.0
458,AssistanceService,true,7.15

459,MedicalService2,true,14.0,1.430406087628E12,3.0
459,AlarmService2,true,12.0,1.430406087631E12,2.0
459,AssistanceService,true,26.0

460,MedicalService3,true,2.15,1.430406087637E12,2.0
460,DrugService,true,5.0,1.430406087639E12,3.0
460,AssistanceService,true,7.15

461,MedicalService3,true,2.15,1.430406087647E12,3.0
461,DrugService,true,5.0,1.43040608765E12,2.0
461,AssistanceService,true,7.15

462,AlarmService2,true,12.0,1.430406087654E12,3.0
462,AssistanceService,true,12.0

463,MedicalService1,false
463,AssistanceService,false,0.0

464,MedicalService1,true,4.0,1.43040608867E12,3.0
464,AlarmService2,true,12.0,1.430406088673E12,2.0
464,AssistanceService,true,16.0

465,MedicalService3,true,2.15,1.430406088678E12,3.0
465,DrugService,true,5.0,1.430406088681E12,3.0
465,AssistanceService,true,7.15

466,AlarmService1,true,4.0,1.430406088688E12,2.0
466,AssistanceService,true,4.0

467,AlarmService2,true,12.0,1.430406088694E12,4.0
467,AssistanceService,true,12.0

468,MedicalService2,true,14.0,1.430406088701E12,4.0
468,DrugService,true,5.0,1.430406088705E12,3.0
468,AssistanceService,true,19.0

469,AlarmService1,true,4.0,1.430406088711E12,3.0
469,AssistanceService,true,4.0

470,MedicalService1,true,4.0,1.430406088716E12,3.0
470,DrugService,true,5.0,1.430406088719E12,2.0
470,AssistanceService,true,9.0

471,AlarmService1,false
471,AssistanceService,false,0.0

472,MedicalService2,true,14.0,1.430406089734E12,3.0
472,DrugService,true,5.0,1.430406089737E12,3.0
472,AssistanceService,true,19.0

473,MedicalService2,true,14.0,1.430406089743E12,3.0
473,AlarmService1,false
473,AssistanceService,false,14.0

474,MedicalService3,true,2.15,1.430406090756E12,2.0
474,DrugService,true,5.0,1.430406090758E12,3.0
474,AssistanceService,true,7.15

475,MedicalService3,true,2.15,1.430406090764E12,4.0
475,DrugService,true,5.0,1.430406090768E12,3.0
475,AssistanceService,true,7.15

476,MedicalService3,true,2.15,1.430406090774E12,4.0
476,DrugService,true,5.0,1.430406090778E12,3.0
476,AssistanceService,true,7.15

477,MedicalService1,true,4.0,1.430406090784E12,2.0
477,DrugService,true,5.0,1.430406090786E12,3.0
477,AssistanceService,true,9.0

478,MedicalService2,true,14.0,1.430406090792E12,3.0
478,DrugService,true,5.0,1.430406090795E12,2.0
478,AssistanceService,true,19.0

479,MedicalService1,true,4.0,1.4304060908E12,2.0
479,DrugService,true,5.0,1.430406090802E12,2.0
479,AssistanceService,true,9.0

480,MedicalService3,true,2.15,1.430406090807E12,2.0
480,DrugService,true,5.0,1.430406090809E12,3.0
480,AssistanceService,true,7.15

481,MedicalService1,true,4.0,1.430406090815E12,2.0
481,AlarmService2,true,12.0,1.430406090818E12,2.0
481,AssistanceService,true,16.0

482,MedicalService3,true,2.15,1.430406090823E12,2.0
482,DrugService,true,5.0,1.430406090825E12,2.0
482,AssistanceService,true,7.15

483,MedicalService2,true,14.0,1.430406090834E12,2.0
483,DrugService,true,5.0,1.430406090836E12,2.0
483,AssistanceService,true,19.0

484,MedicalService1,true,4.0,1.430406090841E12,2.0
484,DrugService,true,5.0,1.430406090843E12,3.0
484,AssistanceService,true,9.0

485,MedicalService2,true,14.0,1.430406090849E12,3.0
485,DrugService,true,5.0,1.430406090852E12,2.0
485,AssistanceService,true,19.0

486,MedicalService2,true,14.0,1.430406090857E12,2.0
486,DrugService,true,5.0,1.430406090859E12,3.0
486,AssistanceService,true,19.0

487,MedicalService1,true,4.0,1.430406090864E12,3.0
487,DrugService,true,5.0,1.430406090867E12,1.0
487,AssistanceService,true,9.0

488,MedicalService3,true,2.15,1.430406090871E12,2.0
488,DrugService,true,5.0,1.430406090873E12,2.0
488,AssistanceService,true,7.15

489,MedicalService1,true,4.0,1.430406090878E12,3.0
489,DrugService,true,5.0,1.430406090881E12,2.0
489,AssistanceService,true,9.0

490,MedicalService2,false
490,AssistanceService,false,0.0

491,MedicalService2,true,14.0,1.430406091889E12,3.0
491,AlarmService3,true,2.0,1.430406091893E12,3.0
491,AssistanceService,true,16.0

492,MedicalService2,true,14.0,1.430406091899E12,3.0
492,DrugService,true,5.0,1.430406091902E12,2.0
492,AssistanceService,true,19.0

493,MedicalService2,false
493,AssistanceService,false,0.0

494,MedicalService1,true,4.0,1.430406092916E12,3.0
494,DrugService,true,5.0,1.430406092919E12,2.0
494,AssistanceService,true,9.0

495,AlarmService3,true,2.0,1.430406092925E12,3.0
495,AssistanceService,true,2.0

496,MedicalService3,true,2.15,1.430406092931E12,3.0
496,DrugService,true,5.0,1.430406092934E12,2.0
496,AssistanceService,true,7.15

497,MedicalService2,true,14.0,1.430406092938E12,3.0
497,DrugService,true,5.0,1.430406092941E12,2.0
497,AssistanceService,true,19.0

498,MedicalService1,true,4.0,1.430406092946E12,2.0
498,AlarmService2,true,12.0,1.430406092948E12,2.0
498,AssistanceService,true,16.0

499,MedicalService3,true,2.15,1.430406092953E12,2.0
499,AlarmService3,true,2.0,1.430406092955E12,2.0
499,AssistanceService,true,4.15

500,MedicalService3,true,2.15,1.43040609296E12,2.0
500,AlarmService1,false
500,AssistanceService,false,2.15

